itemcode,U_Shoote
itemcode,U_Shoote
MOMOBYLETTEC1,Oui
MOMOBYLETTEC2,Oui
MOMOBYLETTEC3,Oui
MOMOBYLETTEC4,Oui
MOMUSETTEC1,Oui
MOMUSETTEC2,Oui
MOMUSETTEC3,Oui
MOMUSETTEC4,Oui
MONUISETTEC1,Oui
MONUISETTEC2,Oui
MONUISETTEC3,Oui
MONUISETTEC4,Oui
MOPIROUETTEC1,Oui
MOPIROUETTEC2,Oui
MOPIROUETTEC3,Oui
MOPIROUETTEC4,Oui
MOPOMPETTEC1,Oui
MOPOMPETTEC2,Oui
MOPOMPETTEC3,Oui
MOPOMPETTEC4,Oui
MORONDELETTEC1,Oui
MORONDELETTEC2,Oui
MORONDELETTEC3,Oui
MORONDELETTEC4,Oui
MOSQUELETTEC1,Oui
MOSQUELETTEC2,Oui
MOSQUELETTEC3,Oui
MOSQUELETTEC4,Oui
MOSUCETTEC1,Oui
MOSUCETTEC2,Oui
MOSUCETTEC3,Oui
MOSUCETTEC4,Oui
MOTALONNETTEC1,Oui
MOTALONNETTEC2,Oui
MOTALONNETTEC3,Oui
MOTALONNETTEC4,Oui
MOVEDETTEC1,Oui
MOVEDETTEC2,Oui
MOVEDETTEC3,Oui
MOVEDETTEC4,Oui
MSALLUMETTEC1,Oui
MSALLUMETTEC2,Oui
MSALLUMETTEC3,Oui
MSALLUMETTEC4,Oui
MSANISETTEC1,Oui
MSANISETTEC2,Oui
MSANISETTEC3,Oui
MSANISETTEC4,Oui
MSBARBICHETTEC1,Oui
MSBARBICHETTEC2,Oui
MSBARBICHETTEC3,Oui
MSBARBICHETTEC4,Oui
MSBOULETTEC1,Oui
MSBOULETTEC2,Oui
MSBOULETTEC3,Oui
MSBOULETTEC4,Oui
MSCAMIONNETTEC1,Oui
MSCAMIONNETTEC2,Oui
MSCAMIONNETTEC3,Oui
MSCAMIONNETTEC4,Oui
MSCOQUETTEC1,Oui
MSCOQUETTEC2,Oui
MSCOQUETTEC3,Oui
MSCOQUETTEC4,Oui
MSCORVETTEC1,Oui
MSCORVETTEC2,Oui
MSCORVETTEC3,Oui
MSCORVETTEC4,Oui
MSFIXETTEC1,Oui
MSFIXETTEC2,Oui
MSFIXETTEC3,Oui
MSFIXETTEC4,Oui
MSGACHETTEC1,Oui
MSGACHETTEC2,Oui
MSGACHETTEC3,Oui
MSGACHETTEC4,Oui
MSGAMBETTEC1,Oui
MSGAMBETTEC2,Oui
MSGAMBETTEC3,Oui
MSGAMBETTEC4,Oui
MSGOELETTEC1,Oui
MSGOELETTEC2,Oui
MSGOELETTEC3,Oui
MSGOELETTEC4,Oui
MSJOSETTEC1,Oui
MSJOSETTEC2,Oui
MSJOSETTEC3,Oui
MSJOSETTEC4,Oui
MSMOBYLETTEC1,Oui
MSMOBYLETTEC2,Oui
MSMOBYLETTEC3,Oui
MSMOBYLETTEC4,Oui
MSMUSETTEC1,Oui
MSMUSETTEC2,Oui
MSMUSETTEC3,Oui
MSMUSETTEC4,Oui
MSNUISETTEC1,Oui
MSNUISETTEC2,Oui
MSNUISETTEC3,Oui
MSNUISETTEC4,Oui
MSPIROUETTEC1,Oui
MSPIROUETTEC2,Oui
MSPIROUETTEC3,Oui
MSPIROUETTEC4,Oui
MSPOMPETTEC1,Oui
MSPOMPETTEC2,Oui
MSPOMPETTEC3,Oui
MSPOMPETTEC4,Oui
MSRONDELETTEC1,Oui
MSRONDELETTEC2,Oui
MSRONDELETTEC3,Oui
MSRONDELETTEC4,Oui
MSSQUELETTEC1,Oui
MSSQUELETTEC2,Oui
MSSQUELETTEC3,Oui
MSSQUELETTEC4,Oui
MSSUCETTEC1,Oui
MSSUCETTEC2,Oui
MSSUCETTEC3,Oui
MSSUCETTEC4,Oui
MSTALONNETTEC1,Oui
MSTALONNETTEC2,Oui
MSTALONNETTEC3,Oui
MSTALONNETTEC4,Oui
MSVEDETTEC1,Oui
MSVEDETTEC2,Oui
MSVEDETTEC3,Oui
MSVEDETTEC4,Oui
