ref;shoote
MOMOBYLETTEC1;0
MOMOBYLETTEC2;0
MOMOBYLETTEC3;0
MOMOBYLETTEC4;0
MOMUSETTEC1;0
MOMUSETTEC2;0
MOMUSETTEC3;0
MOMUSETTEC4;0
MONUISETTEC1;0
MONUISETTEC2;0
MONUISETTEC3;0
MONUISETTEC4;0
MOPIROUETTEC1;0
MOPIROUETTEC2;0
MOPIROUETTEC3;0
MOPIROUETTEC4;0
MOPOMPETTEC1;0
MOPOMPETTEC2;0
MOPOMPETTEC3;0
MOPOMPETTEC4;0
MORONDELETTEC1;0
MORONDELETTEC2;0
MORONDELETTEC3;0
MORONDELETTEC4;0
MOSQUELETTEC1;0
MOSQUELETTEC2;0
MOSQUELETTEC3;0
MOSQUELETTEC4;0
MOSUCETTEC1;0
MOSUCETTEC2;0
MOSUCETTEC3;0
MOSUCETTEC4;0
MOTALONNETTEC1;0
MOTALONNETTEC2;0
MOTALONNETTEC3;0
MOTALONNETTEC4;0
MOVEDETTEC1;0
MOVEDETTEC2;0
MOVEDETTEC3;0
MOVEDETTEC4;0
MSALLUMETTEC1;0
MSALLUMETTEC2;0
MSALLUMETTEC3;0
MSALLUMETTEC4;0
MSANISETTEC1;0
MSANISETTEC2;0
MSANISETTEC3;0
MSANISETTEC4;0
MSBARBICHETTEC1;0
MSBARBICHETTEC2;0
MSBARBICHETTEC3;0
MSBARBICHETTEC4;0
MSBOULETTEC1;0
MSBOULETTEC2;0
MSBOULETTEC3;0
MSBOULETTEC4;0
MSCAMIONNETTEC1;0
MSCAMIONNETTEC2;0
MSCAMIONNETTEC3;0
MSCAMIONNETTEC4;0
MSCOQUETTEC1;0
MSCOQUETTEC2;0
MSCOQUETTEC3;0
MSCOQUETTEC4;0
MSCORVETTEC1;0
MSCORVETTEC2;0
MSCORVETTEC3;0
MSCORVETTEC4;0
MSFIXETTEC1;0
MSFIXETTEC2;0
MSFIXETTEC3;0
MSFIXETTEC4;0
MSGACHETTEC1;0
MSGACHETTEC2;0
MSGACHETTEC3;0
MSGACHETTEC4;0
MSGAMBETTEC1;0
MSGAMBETTEC2;0
MSGAMBETTEC3;0
MSGAMBETTEC4;0
MSGOELETTEC1;0
MSGOELETTEC2;0
MSGOELETTEC3;0
MSGOELETTEC4;0
MSJOSETTEC1;0
MSJOSETTEC2;0
MSJOSETTEC3;0
MSJOSETTEC4;0
MSMOBYLETTEC1;0
MSMOBYLETTEC2;0
MSMOBYLETTEC3;0
MSMOBYLETTEC4;0
MSMUSETTEC1;0
MSMUSETTEC2;0
MSMUSETTEC3;0
MSMUSETTEC4;0
MSNUISETTEC1;0
MSNUISETTEC2;0
MSNUISETTEC3;0
MSNUISETTEC4;0
MSPIROUETTEC1;0
MSPIROUETTEC2;0
MSPIROUETTEC3;0
MSPIROUETTEC4;0
MSPOMPETTEC1;0
MSPOMPETTEC2;0
MSPOMPETTEC3;0
MSPOMPETTEC4;0
MSRONDELETTEC1;0
MSRONDELETTEC2;0
MSRONDELETTEC3;0
MSRONDELETTEC4;0
MSSQUELETTEC1;0
MSSQUELETTEC2;0
MSSQUELETTEC3;0
MSSQUELETTEC4;0
MSSUCETTEC1;0
MSSUCETTEC2;0
MSSUCETTEC3;0
MSSUCETTEC4;0
MSTALONNETTEC1;0
MSTALONNETTEC2;0
MSTALONNETTEC3;0
MSTALONNETTEC4;0
MSVEDETTEC1;0
MSVEDETTEC2;0
MSVEDETTEC3;0
MSVEDETTEC4;0
